threshold,accuracy,precision,recall,f1,roc_auc
0.3,0.963,0.965517,0.9,0.931608,0.97277
0.35,0.964,0.972868,0.896429,0.933086,0.97277
0.4,0.966,0.984252,0.892857,0.93633,0.97277
0.45,0.967,0.988142,0.892857,0.938086,0.97277
0.5,0.966,0.992,0.885714,0.935849,0.97277
0.55,0.968,1.0,0.885714,0.939394,0.97277
0.6,0.968,1.0,0.885714,0.939394,0.97277
0.65,0.968,1.0,0.885714,0.939394,0.97277
0.7,0.968,1.0,0.885714,0.939394,0.97277
0.75,0.968,1.0,0.885714,0.939394,0.97277
0.8,0.968,1.0,0.885714,0.939394,0.97277
